mesh name,flip_x,flip_y,flip_z
m1308.ply,1.0,1.0,1.0
m1446.ply,1.0,1.0,1.0
m1320.ply,1.0,1.0,1.0
m1334.ply,1.0,1.0,1.0
m1452.ply,1.0,1.0,1.0
m1485.ply,1.0,1.0,1.0
m1491.ply,1.0,1.0,1.0
m1122.ply,1.0,1.0,1.0
m1136.ply,1.0,1.0,1.0
m1268.ply,1.0,1.0,1.0
m1532.ply,1.0,1.0,1.0
m1254.ply,1.0,1.0,1.0
m1240.ply,1.0,1.0,1.0
m1526.ply,1.0,1.0,1.0
m1297.ply,1.0,1.0,1.0
m1283.ply,1.0,1.0,1.0
m1282.ply,1.0,1.0,1.0
m1296.ply,1.0,1.0,1.0
m737.ply,1.0,1.0,1.0
m1241.ply,1.0,1.0,1.0
m1527.ply,1.0,1.0,1.0
m1533.ply,1.0,1.0,1.0
m1255.ply,1.0,1.0,1.0
m1269.ply,1.0,1.0,1.0
m1137.ply,1.0,1.0,1.0
m1123.ply,1.0,1.0,1.0
m1490.ply,1.0,1.0,1.0
m1484.ply,1.0,1.0,1.0
m1335.ply,1.0,1.0,1.0
m1453.ply,1.0,1.0,1.0
m1447.ply,1.0,1.0,1.0
m1321.ply,1.0,1.0,1.0
m1309.ply,1.0,1.0,1.0
m1479.ply,1.0,1.0,1.0
m1451.ply,1.0,1.0,1.0
m1337.ply,1.0,1.0,1.0
m1323.ply,1.0,1.0,1.0
m1445.ply,1.0,1.0,1.0
m1492.ply,1.0,1.0,1.0
m1486.ply,1.0,-1.0,-1.0
m1135.ply,1.0,1.0,1.0
m1121.ply,1.0,1.0,1.0
m1519.ply,1.0,1.0,1.0
m1525.ply,1.0,1.0,1.0
m1243.ply,1.0,1.0,1.0
m1257.ply,1.0,1.0,1.0
m1531.ply,1.0,1.0,1.0
m1280.ply,1.0,1.0,1.0
m1294.ply,1.0,1.0,1.0
m1295.ply,1.0,1.0,1.0
m1281.ply,1.0,1.0,1.0
m1256.ply,1.0,1.0,1.0
m1530.ply,1.0,-1.0,-1.0
m1524.ply,1.0,1.0,1.0
m1242.ply,1.0,1.0,1.0
m1518.ply,1.0,1.0,1.0
m1120.ply,1.0,1.0,1.0
m1134.ply,1.0,1.0,1.0
m1487.ply,1.0,1.0,1.0
m1493.ply,1.0,1.0,1.0
m1322.ply,1.0,1.0,1.0
m1444.ply,1.0,-1.0,-1.0
m1450.ply,1.0,1.0,1.0
m1336.ply,1.0,1.0,1.0
m1478.ply,1.0,1.0,1.0
m1332.ply,1.0,1.0,1.0
m1454.ply,1.0,1.0,1.0
m1440.ply,1.0,-1.0,-1.0
m1326.ply,1.0,1.0,1.0
m1468.ply,1.0,1.0,1.0
m1497.ply,1.0,1.0,1.0
m1483.ply,1.0,-1.0,-1.0
m1130.ply,1.0,1.0,1.0
m1124.ply,1.0,1.0,1.0
m1118.ply,1.0,1.0,1.0
m1246.ply,1.0,1.0,1.0
m1520.ply,1.0,1.0,1.0
m1534.ply,1.0,-1.0,-1.0
m1252.ply,1.0,1.0,1.0
m1508.ply,1.0,1.0,1.0
m1285.ply,1.0,1.0,1.0
m1291.ply,1.0,1.0,1.0
m1290.ply,1.0,1.0,1.0
m1284.ply,1.0,1.0,1.0
m1509.ply,1.0,1.0,1.0
m1535.ply,1.0,1.0,1.0
m1253.ply,1.0,1.0,1.0
m1247.ply,1.0,1.0,1.0
m1521.ply,1.0,1.0,1.0
m1119.ply,1.0,1.0,1.0
m1125.ply,1.0,1.0,1.0
m1131.ply,1.0,1.0,1.0
m1482.ply,1.0,1.0,1.0
m1496.ply,1.0,1.0,1.0
m1469.ply,1.0,1.0,1.0
m1441.ply,1.0,1.0,1.0
m1327.ply,1.0,-1.0,-1.0
m1333.ply,1.0,1.0,1.0
m1455.ply,1.0,1.0,1.0
m1325.ply,-1.0,1.0,-1.0
m1443.ply,1.0,1.0,1.0
m1457.ply,1.0,1.0,1.0
m1331.ply,1.0,1.0,1.0
m1319.ply,1.0,1.0,1.0
m1480.ply,1.0,1.0,1.0
m1494.ply,1.0,1.0,1.0
m1127.ply,1.0,1.0,1.0
m1133.ply,1.0,1.0,1.0
m1251.ply,1.0,-1.0,-1.0
m1537.ply,1.0,-1.0,-1.0
m1523.ply,1.0,1.0,1.0
m1245.ply,1.0,1.0,1.0
m1279.ply,1.0,1.0,1.0
m1292.ply,1.0,1.0,1.0
m1286.ply,1.0,1.0,1.0
m1287.ply,1.0,1.0,1.0
m1293.ply,1.0,1.0,1.0
m1278.ply,1.0,1.0,1.0
m1522.ply,1.0,1.0,1.0
m1244.ply,1.0,1.0,1.0
m1250.ply,1.0,1.0,1.0
m1536.ply,1.0,1.0,1.0
m1132.ply,1.0,1.0,1.0
m1126.ply,1.0,1.0,1.0
m1495.ply,1.0,1.0,1.0
m1481.ply,1.0,1.0,1.0
m1318.ply,1.0,1.0,1.0
m1456.ply,1.0,1.0,1.0
m1330.ply,1.0,1.0,1.0
m1324.ply,1.0,1.0,1.0
m1442.ply,1.0,1.0,1.0
m1419.ply,1.0,1.0,1.0
m1343.ply,1.0,1.0,1.0
m1425.ply,1.0,1.0,1.0
m1431.ply,1.0,1.0,1.0
m1357.ply,1.0,1.0,1.0
m1380.ply,1.0,1.0,1.0
m1394.ply,1.0,-1.0,-1.0
m1169.ply,1.0,-1.0,-1.0
m1141.ply,1.0,1.0,1.0
m1155.ply,1.0,1.0,1.0
m1182.ply,1.0,1.0,1.0
m1196.ply,1.0,1.0,1.0
m1579.ply,1.0,1.0,1.0
m1237.ply,1.0,1.0,1.0
m1551.ply,1.0,1.0,1.0
m1545.ply,-1.0,-1.0,1.0
m1223.ply,1.0,1.0,1.0
m1586.ply,1.0,1.0,1.0
m1587.ply,1.0,1.0,1.0
m740.ply,1.0,1.0,1.0
m1544.ply,1.0,1.0,1.0
m1222.ply,1.0,1.0,1.0
m1236.ply,1.0,1.0,1.0
m1550.ply,1.0,1.0,1.0
m1578.ply,1.0,1.0,1.0
m1197.ply,1.0,1.0,1.0
m1183.ply,1.0,1.0,1.0
m1154.ply,1.0,1.0,1.0
m1140.ply,1.0,1.0,1.0
m1168.ply,1.0,1.0,1.0
m1395.ply,1.0,-1.0,-1.0
m1381.ply,1.0,1.0,1.0
m1430.ply,1.0,1.0,1.0
m1356.ply,1.0,1.0,1.0
m1342.ply,1.0,1.0,1.0
m1424.ply,1.0,1.0,1.0
m1418.ply,1.0,1.0,1.0
m1368.ply,1.0,1.0,1.0
m1354.ply,1.0,1.0,1.0
m1432.ply,1.0,1.0,1.0
m1426.ply,1.0,1.0,1.0
m1340.ply,1.0,1.0,1.0
m1397.ply,1.0,1.0,1.0
m1383.ply,1.0,1.0,1.0
m1156.ply,1.0,1.0,1.0
m1142.ply,1.0,1.0,1.0
m1195.ply,1.0,1.0,1.0
m1181.ply,1.0,1.0,1.0
m1208.ply,1.0,1.0,1.0
m1220.ply,1.0,1.0,1.0
m1546.ply,1.0,1.0,1.0
m1552.ply,1.0,1.0,1.0
m1234.ply,1.0,1.0,1.0
m1585.ply,1.0,1.0,1.0
m1584.ply,1.0,1.0,1.0
m1553.ply,-1.0,1.0,-1.0
m1235.ply,1.0,1.0,1.0
m1221.ply,1.0,1.0,1.0
m1547.ply,1.0,1.0,1.0
m1209.ply,1.0,1.0,1.0
m1180.ply,1.0,1.0,1.0
m1194.ply,1.0,1.0,1.0
m1143.ply,1.0,1.0,1.0
m1157.ply,1.0,1.0,1.0
m1382.ply,1.0,1.0,1.0
m1396.ply,1.0,1.0,1.0
m1427.ply,1.0,1.0,1.0
m1341.ply,1.0,1.0,1.0
m1355.ply,1.0,-1.0,-1.0
m1433.ply,1.0,1.0,1.0
m1369.ply,1.0,1.0,-1.0
m1437.ply,1.0,1.0,1.0
m1351.ply,1.0,1.0,1.0
m1345.ply,1.0,1.0,1.0
m1423.ply,1.0,-1.0,-1.0
m1379.ply,1.0,1.0,1.0
m1392.ply,1.0,1.0,1.0
m1386.ply,1.0,1.0,1.0
m1153.ply,1.0,1.0,1.0
m1147.ply,1.0,1.0,1.0
m1190.ply,1.0,1.0,1.0
m1184.ply,1.0,1.0,1.0
m1543.ply,1.0,1.0,1.0
m1225.ply,1.0,1.0,1.0
m1231.ply,1.0,1.0,1.0
m1557.ply,1.0,1.0,1.0
m1219.ply,1.0,1.0,1.0
m1580.ply,1.0,1.0,1.0
m1581.ply,1.0,1.0,1.0
m1218.ply,1.0,1.0,1.0
m1230.ply,1.0,1.0,1.0
m1556.ply,1.0,1.0,1.0
m1542.ply,1.0,1.0,1.0
m1224.ply,1.0,1.0,1.0
m1185.ply,1.0,1.0,1.0
m1191.ply,1.0,1.0,1.0
m1146.ply,1.0,1.0,1.0
m1152.ply,-1.0,1.0,-1.0
m1387.ply,1.0,1.0,1.0
m1393.ply,1.0,1.0,1.0
m1378.ply,1.0,1.0,1.0
m1344.ply,-1.0,-1.0,1.0
m1422.ply,1.0,1.0,1.0
m1436.ply,1.0,1.0,1.0
m1350.ply,1.0,1.0,1.0
m1420.ply,1.0,1.0,1.0
m1346.ply,1.0,1.0,1.0
m1352.ply,1.0,1.0,1.0
m1434.ply,1.0,1.0,1.0
m1408.ply,1.0,1.0,1.0
m1385.ply,1.0,1.0,1.0
m1391.ply,1.0,1.0,1.0
m1144.ply,1.0,1.0,1.0
m1150.ply,1.0,1.0,1.0
m1178.ply,1.0,1.0,1.0
m1187.ply,1.0,1.0,1.0
m1193.ply,1.0,1.0,1.0
m1554.ply,1.0,1.0,1.0
m1232.ply,1.0,1.0,1.0
m1226.ply,1.0,1.0,1.0
m1540.ply,1.0,1.0,1.0
m1568.ply,1.0,1.0,1.0
m1583.ply,1.0,1.0,1.0
m1582.ply,1.0,-1.0,-1.0
m1569.ply,1.0,1.0,-1.0
m1227.ply,1.0,1.0,1.0
m1541.ply,-1.0,-1.0,1.0
m1555.ply,1.0,-1.0,-1.0
m1233.ply,1.0,1.0,1.0
m1192.ply,1.0,1.0,1.0
m1186.ply,1.0,1.0,1.0
m1179.ply,1.0,1.0,1.0
m1151.ply,1.0,1.0,1.0
m1145.ply,-1.0,1.0,-1.0
m1390.ply,1.0,1.0,1.0
m1384.ply,1.0,1.0,1.0
m1409.ply,1.0,1.0,1.0
m1353.ply,1.0,1.0,1.0
m1435.ply,1.0,-1.0,-1.0
m1421.ply,1.0,1.0,1.0
m1347.ply,1.0,1.0,1.0
m1438.ply,1.0,1.0,1.0
m1362.ply,-1.0,1.0,-1.0
m1404.ply,1.0,1.0,1.0
m1410.ply,1.0,1.0,1.0
m1376.ply,1.0,1.0,1.0
m1389.ply,1.0,1.0,1.0
m1148.ply,1.0,1.0,1.0
m1160.ply,1.0,1.0,1.0
m1174.ply,1.0,1.0,1.0
m1558.ply,1.0,1.0,1.0
m1216.ply,1.0,1.0,1.0
m1570.ply,1.0,1.0,1.0
m1564.ply,1.0,1.0,1.0
m1202.ply,1.0,1.0,1.0
m1565.ply,1.0,-1.0,-1.0
m1203.ply,1.0,1.0,1.0
m1217.ply,1.0,1.0,1.0
m1571.ply,-1.0,1.0,-1.0
m1559.ply,1.0,-1.0,-1.0
m1175.ply,1.0,1.0,1.0
m1161.ply,1.0,1.0,1.0
m1149.ply,1.0,1.0,1.0
m1388.ply,1.0,1.0,1.0
m1411.ply,1.0,1.0,1.0
m1377.ply,1.0,1.0,1.0
m1363.ply,-1.0,1.0,-1.0
m1405.ply,1.0,1.0,1.0
m1439.ply,1.0,1.0,1.0
m1349.ply,1.0,1.0,1.0
m1375.ply,1.0,1.0,1.0
m1413.ply,1.0,1.0,1.0
m1407.ply,1.0,1.0,1.0
m1361.ply,1.0,1.0,1.0
m1177.ply,1.0,1.0,1.0
m1163.ply,1.0,1.0,1.0
m1188.ply,1.0,1.0,1.0
m1229.ply,1.0,1.0,1.0
m1201.ply,1.0,1.0,1.0
m1567.ply,1.0,1.0,1.0
m1573.ply,1.0,1.0,1.0
m1215.ply,1.0,1.0,1.0
m1572.ply,1.0,-1.0,1.0
m1214.ply,1.0,1.0,1.0
m1200.ply,1.0,1.0,1.0
m1566.ply,1.0,1.0,1.0
m1228.ply,1.0,1.0,1.0
m1189.ply,1.0,1.0,1.0
m1162.ply,1.0,1.0,1.0
m1176.ply,1.0,1.0,1.0
m1406.ply,1.0,1.0,1.0
m1360.ply,1.0,-1.0,-1.0
m1374.ply,1.0,1.0,1.0
m1412.ply,-1.0,-1.0,-1.0
m1348.ply,1.0,1.0,1.0
m1416.ply,1.0,1.0,1.0
m1370.ply,1.0,1.0,1.0
m1364.ply,1.0,-1.0,-1.0
m1402.ply,1.0,1.0,1.0
m1358.ply,1.0,1.0,1.0
m1172.ply,1.0,1.0,1.0
m1166.ply,1.0,1.0,1.0
m1199.ply,1.0,-1.0,-1.0
m1562.ply,1.0,-1.0,-1.0
m1204.ply,1.0,1.0,1.0
m1210.ply,1.0,1.0,1.0
m1576.ply,1.0,-1.0,-1.0
m1238.ply,1.0,1.0,1.0
m1588.ply,1.0,-1.0,-1.0
m1239.ply,1.0,1.0,1.0
m1211.ply,1.0,1.0,1.0
m1577.ply,1.0,1.0,1.0
m1563.ply,1.0,1.0,1.0
m1205.ply,1.0,1.0,1.0
m1198.ply,1.0,1.0,1.0
m1167.ply,1.0,1.0,1.0
m1173.ply,1.0,1.0,1.0
m1359.ply,1.0,1.0,1.0
m1365.ply,1.0,1.0,1.0
m1403.ply,1.0,1.0,1.0
m1417.ply,1.0,1.0,1.0
m1371.ply,1.0,1.0,1.0
m1401.ply,1.0,1.0,1.0
m1367.ply,1.0,1.0,1.0
m1373.ply,1.0,1.0,1.0
m1415.ply,1.0,1.0,1.0
m1429.ply,1.0,1.0,1.0
m1398.ply,1.0,1.0,1.0
m1165.ply,1.0,1.0,1.0
m1171.ply,1.0,1.0,1.0
m1159.ply,-1.0,1.0,-1.0
m1575.ply,1.0,1.0,1.0
m1213.ply,1.0,1.0,1.0
m1207.ply,1.0,1.0,1.0
m1561.ply,1.0,1.0,1.0
m1549.ply,1.0,1.0,1.0
m1548.ply,-1.0,-1.0,1.0
m1206.ply,1.0,1.0,1.0
m1560.ply,1.0,1.0,1.0
m1574.ply,1.0,1.0,1.0
m1212.ply,1.0,1.0,1.0
m1158.ply,1.0,1.0,1.0
m1170.ply,1.0,1.0,1.0
m1164.ply,1.0,1.0,1.0
m1399.ply,1.0,1.0,1.0
m1428.ply,1.0,1.0,1.0
m1372.ply,1.0,1.0,1.0
m1414.ply,-1.0,1.0,-1.0
m1400.ply,1.0,-1.0,-1.0
m1366.ply,1.0,1.0,1.0
m1329.ply,1.0,-1.0,-1.0
m1467.ply,1.0,1.0,1.0
m1301.ply,1.0,1.0,1.0
m1315.ply,1.0,1.0,1.0
m1473.ply,1.0,1.0,1.0
m1498.ply,1.0,1.0,1.0
m1249.ply,1.0,1.0,1.0
m1513.ply,-1.0,1.0,-1.0
m1275.ply,1.0,1.0,1.0
m1261.ply,1.0,1.0,1.0
m1507.ply,1.0,1.0,1.0
m1260.ply,1.0,1.0,1.0
m1506.ply,1.0,1.0,1.0
m1512.ply,1.0,1.0,1.0
m1274.ply,1.0,1.0,1.0
m1248.ply,1.0,1.0,1.0
m1499.ply,1.0,1.0,1.0
m1314.ply,1.0,1.0,1.0
m1472.ply,1.0,1.0,1.0
m1466.ply,1.0,1.0,1.0
m1300.ply,1.0,1.0,1.0
m1328.ply,1.0,1.0,1.0
m1458.ply,-1.0,1.0,-1.0
m1470.ply,1.0,1.0,1.0
m1316.ply,1.0,1.0,1.0
m1302.ply,1.0,1.0,1.0
m1464.ply,1.0,1.0,1.0
m1128.ply,1.0,1.0,1.0
m1538.ply,1.0,1.0,1.0
m1504.ply,1.0,1.0,1.0
m1262.ply,1.0,1.0,1.0
m1276.ply,1.0,1.0,1.0
m1510.ply,1.0,1.0,1.0
m1289.ply,1.0,1.0,1.0
m1288.ply,1.0,1.0,1.0
m1277.ply,1.0,1.0,1.0
m1511.ply,1.0,1.0,1.0
m1505.ply,1.0,1.0,1.0
m1263.ply,1.0,1.0,1.0
m1539.ply,1.0,1.0,1.0
m1129.ply,1.0,1.0,1.0
m1303.ply,-1.0,-1.0,-1.0
m1465.ply,1.0,1.0,1.0
m1471.ply,1.0,1.0,1.0
m1317.ply,1.0,1.0,1.0
m1459.ply,1.0,1.0,1.0
m1313.ply,1.0,1.0,1.0
m1475.ply,1.0,1.0,1.0
m1461.ply,1.0,-1.0,-1.0
m1307.ply,1.0,1.0,1.0
m1449.ply,1.0,1.0,1.0
m1139.ply,1.0,1.0,1.0
m1267.ply,1.0,1.0,1.0
m1501.ply,1.0,1.0,1.0
m1515.ply,1.0,1.0,1.0
m1273.ply,1.0,1.0,1.0
m1529.ply,-1.0,1.0,-1.0
m739.ply,1.0,1.0,1.0
m1298.ply,1.0,1.0,1.0
m1299.ply,1.0,1.0,1.0
m738.ply,1.0,1.0,1.0
m1528.ply,1.0,1.0,1.0
m1514.ply,1.0,1.0,1.0
m1272.ply,-1.0,1.0,-1.0
m1266.ply,1.0,1.0,1.0
m1500.ply,1.0,1.0,1.0
m1138.ply,1.0,1.0,1.0
m1448.ply,-1.0,1.0,-1.0
m1460.ply,1.0,1.0,1.0
m1306.ply,1.0,1.0,1.0
m1312.ply,1.0,1.0,1.0
m1474.ply,1.0,1.0,1.0
m1304.ply,1.0,1.0,1.0
m1462.ply,1.0,1.0,1.0
m1476.ply,1.0,1.0,1.0
m1310.ply,1.0,1.0,1.0
m1338.ply,1.0,1.0,1.0
m1489.ply,1.0,1.0,1.0
m1270.ply,1.0,1.0,1.0
m1516.ply,1.0,1.0,1.0
m1502.ply,-1.0,1.0,-1.0
m1264.ply,1.0,1.0,1.0
m1258.ply,1.0,-1.0,-1.0
m1259.ply,1.0,1.0,1.0
m1503.ply,1.0,1.0,1.0
m1265.ply,1.0,1.0,1.0
m1271.ply,1.0,1.0,1.0
m1517.ply,-1.0,-1.0,1.0
m1488.ply,1.0,1.0,1.0
m1339.ply,1.0,1.0,1.0
m1477.ply,-1.0,1.0,-1.0
m1311.ply,1.0,1.0,1.0
m1305.ply,1.0,1.0,1.0
m1463.ply,1.0,1.0,1.0
m1056.ply,1.0,-1.0,-1.0
m1042.ply,-1.0,1.0,-1.0
m1095.ply,1.0,-1.0,-1.0
m1081.ply,1.0,-1.0,1.0
m1080.ply,-1.0,1.0,1.0
m1094.ply,1.0,-1.0,-1.0
m1043.ply,-1.0,-1.0,1.0
m1057.ply,1.0,1.0,1.0
m1069.ply,1.0,-1.0,-1.0
m1041.ply,-1.0,-1.0,-1.0
m1055.ply,-1.0,-1.0,-1.0
m1082.ply,1.0,1.0,1.0
m1096.ply,1.0,1.0,1.0
m1097.ply,1.0,1.0,1.0
m1083.ply,-1.0,1.0,-1.0
m1054.ply,-1.0,1.0,-1.0
m1040.ply,1.0,1.0,1.0
m1068.ply,1.0,1.0,-1.0
m1044.ply,1.0,1.0,1.0
m1050.ply,1.0,1.0,1.0
m1078.ply,1.0,1.0,1.0
m1087.ply,1.0,1.0,1.0
m1093.ply,1.0,-1.0,-1.0
m1092.ply,1.0,1.0,1.0
m1086.ply,1.0,1.0,1.0
m1079.ply,1.0,1.0,1.0
m1051.ply,-1.0,1.0,-1.0
m1045.ply,-1.0,1.0,1.0
m1053.ply,1.0,1.0,1.0
m1047.ply,-1.0,1.0,-1.0
m1090.ply,1.0,1.0,1.0
m1084.ply,-1.0,1.0,-1.0
m1085.ply,-1.0,1.0,-1.0
m1091.ply,-1.0,1.0,-1.0
m1046.ply,1.0,1.0,1.0
m1052.ply,1.0,1.0,1.0
m1009.ply,1.0,1.0,1.0
m1035.ply,1.0,1.0,1.0
m1021.ply,1.0,1.0,1.0
m966.ply,-1.0,-1.0,-1.0
m972.ply,1.0,1.0,1.0
m999.ply,1.0,1.0,1.0
m998.ply,1.0,1.0,1.0
m973.ply,1.0,1.0,1.0
m967.ply,1.0,-1.0,-1.0
m1020.ply,-1.0,1.0,-1.0
m1034.ply,1.0,1.0,1.0
m1008.ply,1.0,1.0,1.0
m1022.ply,1.0,1.0,1.0
m1036.ply,1.0,1.0,1.0
m971.ply,1.0,1.0,1.0
m965.ply,-1.0,1.0,-1.0
m964.ply,1.0,1.0,1.0
m970.ply,-1.0,-1.0,1.0
m1037.ply,1.0,1.0,1.0
m1023.ply,1.0,1.0,1.0
m1027.ply,1.0,1.0,1.0
m1033.ply,1.0,1.0,1.0
m974.ply,1.0,1.0,1.0
m961.ply,-1.0,1.0,-1.0
m975.ply,1.0,1.0,1.0
m1032.ply,1.0,1.0,1.0
m1026.ply,1.0,1.0,1.0
m1030.ply,1.0,1.0,1.0
m1024.ply,-1.0,-1.0,1.0
m1018.ply,1.0,-1.0,-1.0
m963.ply,-1.0,-1.0,-1.0
m977.ply,1.0,1.0,1.0
m988.ply,1.0,1.0,1.0
m989.ply,1.0,-1.0,-1.0
m976.ply,1.0,1.0,1.0
m962.ply,-1.0,-1.0,1.0
m1019.ply,1.0,-1.0,-1.0
m1025.ply,1.0,1.0,1.0
m1031.ply,1.0,1.0,1.0
m1028.ply,1.0,1.0,1.0
m1014.ply,-1.0,1.0,-1.0
m1000.ply,-1.0,-1.0,1.0
m984.ply,1.0,1.0,1.0
m990.ply,1.0,1.0,1.0
m991.ply,-1.0,1.0,-1.0
m985.ply,-1.0,-1.0,-1.0
m1001.ply,-1.0,1.0,-1.0
m1015.ply,1.0,1.0,1.0
m1029.ply,1.0,1.0,1.0
m1003.ply,-1.0,1.0,-1.0
m1017.ply,1.0,1.0,1.0
m978.ply,1.0,1.0,1.0
m993.ply,1.0,1.0,1.0
m987.ply,1.0,1.0,1.0
m986.ply,1.0,1.0,1.0
m992.ply,1.0,1.0,1.0
m979.ply,1.0,-1.0,-1.0
m1016.ply,1.0,1.0,1.0
m1002.ply,1.0,1.0,1.0
m1006.ply,-1.0,1.0,-1.0
m1012.ply,1.0,1.0,1.0
m969.ply,-1.0,-1.0,-1.0
m996.ply,1.0,1.0,1.0
m982.ply,1.0,1.0,1.0
m983.ply,1.0,1.0,1.0
m997.ply,1.0,1.0,1.0
m968.ply,1.0,-1.0,-1.0
m1013.ply,1.0,1.0,1.0
m1007.ply,1.0,1.0,1.0
m1011.ply,1.0,1.0,1.0
m1005.ply,1.0,1.0,1.0
m1039.ply,1.0,-1.0,-1.0
m981.ply,1.0,1.0,1.0
m995.ply,1.0,1.0,1.0
m994.ply,1.0,1.0,1.0
m980.ply,1.0,1.0,1.0
m1038.ply,1.0,1.0,1.0
m1004.ply,-1.0,1.0,-1.0
m1010.ply,1.0,1.0,1.0
m1077.ply,1.0,1.0,1.0
m1063.ply,1.0,1.0,1.0
m1088.ply,-1.0,-1.0,-1.0
m1089.ply,1.0,1.0,1.0
m1062.ply,1.0,1.0,1.0
m1076.ply,-1.0,1.0,-1.0
m1048.ply,1.0,1.0,-1.0
m1060.ply,1.0,1.0,1.0
m1074.ply,1.0,1.0,1.0
m1075.ply,1.0,1.0,1.0
m1061.ply,1.0,1.0,1.0
m1049.ply,1.0,-1.0,-1.0
m1065.ply,-1.0,1.0,1.0
m1071.ply,1.0,-1.0,-1.0
m1059.ply,1.0,1.0,1.0
m1058.ply,1.0,1.0,1.0
m1070.ply,1.0,1.0,1.0
m1064.ply,-1.0,-1.0,1.0
m1072.ply,1.0,1.0,1.0
m1066.ply,-1.0,1.0,-1.0
m1098.ply,1.0,1.0,1.0
m1067.ply,-1.0,1.0,-1.0
m1073.ply,1.0,1.0,1.0
m1678.ply,1.0,1.0,1.0
m1644.ply,1.0,1.0,1.0
m1650.ply,-1.0,1.0,-1.0
m332.ply,1.0,1.0,1.0
m326.ply,1.0,1.0,1.0
m1687.ply,1.0,1.0,1.0
m1693.ply,1.0,1.0,1.0
m285.ply,1.0,1.0,1.0
m291.ply,1.0,1.0,1.0
m520.ply,1.0,1.0,1.0
m736.ply,1.0,1.0,1.0
m290.ply,1.0,1.0,1.0
m284.ply,1.0,1.0,1.0
m1692.ply,1.0,1.0,1.0
m1686.ply,1.0,1.0,1.0
m327.ply,1.0,1.0,1.0
m333.ply,1.0,1.0,1.0
m1651.ply,-1.0,-1.0,1.0
m1645.ply,1.0,1.0,1.0
m1679.ply,1.0,1.0,1.0
m1653.ply,1.0,-1.0,-1.0
m1647.ply,1.0,1.0,1.0
m325.ply,1.0,1.0,1.0
m331.ply,1.0,1.0,1.0
m1690.ply,1.0,1.0,1.0
m319.ply,1.0,1.0,1.0
m1684.ply,1.0,1.0,1.0
m292.ply,1.0,1.0,1.0
m286.ply,1.0,1.0,1.0
m735.ply,1.0,1.0,1.0
m734.ply,-1.0,1.0,-1.0
m287.ply,1.0,1.0,1.0
m293.ply,1.0,1.0,1.0
m1685.ply,1.0,1.0,1.0
m318.ply,1.0,1.0,1.0
m1691.ply,1.0,1.0,1.0
m330.ply,1.0,1.0,1.0
m324.ply,1.0,1.0,1.0
m1646.ply,1.0,1.0,1.0
m1652.ply,-1.0,1.0,-1.0
m1656.ply,-1.0,1.0,-1.0
m1642.ply,1.0,1.0,1.0
m1695.ply,1.0,1.0,1.0
m1681.ply,1.0,1.0,1.0
m308.ply,1.0,1.0,1.0
m320.ply,1.0,1.0,1.0
m334.ply,1.0,1.0,1.0
m297.ply,1.0,1.0,1.0
m283.ply,1.0,1.0,1.0
m296.ply,1.0,1.0,1.0
m335.ply,1.0,1.0,1.0
m321.ply,1.0,1.0,1.0
m309.ply,1.0,1.0,1.0
m1680.ply,1.0,1.0,1.0
m1694.ply,1.0,1.0,1.0
m1643.ply,1.0,1.0,1.0
m1657.ply,-1.0,1.0,-1.0
m1655.ply,1.0,-1.0,1.0
m1682.ply,1.0,1.0,1.0
m1696.ply,1.0,1.0,1.0
m337.ply,1.0,1.0,1.0
m323.ply,1.0,1.0,1.0
m294.ply,1.0,1.0,1.0
m519.ply,1.0,1.0,1.0
m733.ply,1.0,1.0,1.0
m518.ply,1.0,1.0,1.0
m295.ply,1.0,1.0,1.0
m322.ply,1.0,1.0,1.0
m336.ply,1.0,1.0,1.0
m1697.ply,1.0,1.0,1.0
m1683.ply,1.0,1.0,1.0
m1654.ply,-1.0,1.0,-1.0
m621.ply,1.0,1.0,1.0
m351.ply,1.0,1.0,1.0
m1814.ply,1.0,1.0,1.0
m345.ply,1.0,1.0,1.0
m379.ply,1.0,1.0,1.0
m1784.ply,1.0,-1.0,-1.0
m741.ply,1.0,1.0,1.0
m1785.ply,1.0,1.0,1.0
m378.ply,1.0,1.0,1.0
m344.ply,1.0,-1.0,-1.0
m350.ply,1.0,1.0,1.0
m620.ply,1.0,1.0,1.0
m622.ply,1.0,1.0,1.0
m1624.ply,1.0,1.0,1.0
m346.ply,1.0,1.0,1.0
m352.ply,-1.0,1.0,-1.0
m1803.ply,1.0,1.0,1.0
m1787.ply,1.0,-1.0,-1.0
m742.ply,1.0,1.0,1.0
m743.ply,1.0,1.0,1.0
m1786.ply,1.0,1.0,1.0
m1779.ply,1.0,1.0,1.0
m353.ply,1.0,1.0,1.0
m347.ply,1.0,1.0,1.0
m1625.ply,1.0,1.0,1.0
m623.ply,1.0,1.0,1.0
m1621.ply,1.0,1.0,1.0
m380.ply,1.0,1.0,1.0
m343.ply,1.0,-1.0,-1.0
m1812.ply,1.0,1.0,1.0
m357.ply,1.0,1.0,1.0
m1806.ply,1.0,1.0,1.0
m1755.ply,1.0,1.0,1.0
m1782.ply,1.0,-1.0,-1.0
m579.ply,1.0,1.0,1.0
m747.ply,1.0,1.0,1.0
m746.ply,1.0,1.0,1.0
m578.ply,1.0,1.0,1.0
m1783.ply,1.0,-1.0,1.0
m1754.ply,1.0,1.0,1.0
m356.ply,1.0,1.0,1.0
m1813.ply,1.0,1.0,1.0
m342.ply,-1.0,1.0,-1.0
m381.ply,1.0,1.0,1.0
m1620.ply,1.0,1.0,1.0
m618.ply,1.0,1.0,1.0
m624.ply,1.0,1.0,1.0
m1622.ply,1.0,1.0,1.0
m368.ply,1.0,1.0,1.0
m1805.ply,-1.0,-1.0,1.0
m354.ply,1.0,1.0,1.0
m1811.ply,1.0,1.0,1.0
m340.ply,1.0,1.0,1.0
m1756.ply,1.0,1.0,1.0
m1781.ply,1.0,-1.0,-1.0
m744.ply,1.0,1.0,1.0
m745.ply,1.0,1.0,1.0
m1780.ply,1.0,-1.0,-1.0
m1757.ply,1.0,1.0,1.0
m341.ply,1.0,1.0,1.0
m355.ply,1.0,1.0,1.0
m1804.ply,1.0,1.0,1.0
m369.ply,1.0,1.0,1.0
m1623.ply,1.0,1.0,1.0
m619.ply,1.0,1.0,1.0
m370.ply,1.0,1.0,1.0
m364.ply,1.0,1.0,1.0
m358.ply,1.0,1.0,1.0
m576.ply,1.0,1.0,1.0
m748.ply,1.0,1.0,1.0
m749.ply,1.0,1.0,1.0
m577.ply,1.0,1.0,1.0
m359.ply,1.0,1.0,1.0
m365.ply,1.0,1.0,1.0
m371.ply,1.0,1.0,1.0
m617.ply,1.0,1.0,1.0
m367.ply,1.0,1.0,1.0
m373.ply,1.0,1.0,1.0
m1759.ply,1.0,1.0,1.0
m575.ply,1.0,1.0,1.0
m574.ply,1.0,1.0,1.0
m1758.ply,1.0,1.0,1.0
m372.ply,1.0,1.0,1.0
m366.ply,1.0,1.0,1.0
m362.ply,1.0,1.0,1.0
m376.ply,1.0,1.0,1.0
m377.ply,1.0,1.0,1.0
m363.ply,1.0,-1.0,1.0
m349.ply,1.0,1.0,1.0
m375.ply,1.0,1.0,1.0
m361.ply,1.0,1.0,1.0
m1788.ply,1.0,1.0,1.0
m573.ply,1.0,1.0,1.0
m360.ply,1.0,1.0,1.0
m374.ply,1.0,1.0,1.0
m348.ply,1.0,1.0,1.0
m1659.ply,1.0,1.0,1.0
m1665.ply,1.0,1.0,1.0
m1671.ply,1.0,1.0,1.0
m313.ply,-1.0,-1.0,1.0
m307.ply,1.0,1.0,1.0
m298.ply,1.0,1.0,1.0
m515.ply,1.0,1.0,1.0
m514.ply,1.0,1.0,1.0
m299.ply,1.0,1.0,1.0
m306.ply,1.0,1.0,1.0
m312.ply,-1.0,1.0,-1.0
m1670.ply,1.0,1.0,1.0
m1664.ply,-1.0,1.0,-1.0
m1658.ply,1.0,1.0,1.0
m1672.ply,1.0,1.0,1.0
m304.ply,1.0,1.0,1.0
m310.ply,-1.0,1.0,-1.0
m338.ply,1.0,1.0,1.0
m516.ply,-1.0,1.0,1.0
m517.ply,1.0,1.0,1.0
m339.ply,1.0,1.0,1.0
m311.ply,1.0,1.0,1.0
m305.ply,1.0,1.0,1.0
m1673.ply,-1.0,-1.0,-1.0
m113.ply,1.0,1.0,1.0
m117.ply,1.0,1.0,1.0
m1677.ply,1.0,1.0,1.0
m1663.ply,-1.0,1.0,-1.0
m329.ply,1.0,1.0,1.0
m1688.ply,1.0,1.0,1.0
m301.ply,1.0,1.0,1.0
m315.ply,1.0,1.0,1.0
m314.ply,1.0,1.0,1.0
m300.ply,1.0,1.0,1.0
m1689.ply,1.0,1.0,1.0
m328.ply,1.0,1.0,1.0
m1662.ply,1.0,1.0,1.0
m1676.ply,1.0,1.0,1.0
m116.ply,1.0,1.0,1.0
m114.ply,1.0,-1.0,-1.0
m1660.ply,1.0,-1.0,-1.0
m1674.ply,1.0,1.0,1.0
m1648.ply,-1.0,-1.0,1.0
m316.ply,1.0,1.0,1.0
m302.ply,1.0,1.0,1.0
m289.ply,1.0,1.0,1.0
m288.ply,-1.0,-1.0,1.0
m303.ply,1.0,1.0,1.0
m317.ply,1.0,1.0,1.0
m1649.ply,-1.0,1.0,-1.0
m1675.ply,1.0,1.0,1.0
m1661.ply,1.0,1.0,1.0
m115.ply,1.0,1.0,1.0
m859.ply,1.0,1.0,1.0
m871.ply,1.0,1.0,1.0
m865.ply,1.0,1.0,1.0
m939.ply,1.0,1.0,1.0
m905.ply,1.0,1.0,1.0
m911.ply,1.0,1.0,1.0
m910.ply,1.0,1.0,1.0
m904.ply,1.0,1.0,1.0
m938.ply,1.0,1.0,1.0
m864.ply,1.0,1.0,1.0
m870.ply,1.0,1.0,1.0
m858.ply,1.0,1.0,1.0
m866.ply,1.0,1.0,1.0
m872.ply,1.0,1.0,1.0
m899.ply,1.0,1.0,1.0
m912.ply,1.0,1.0,1.0
m906.ply,1.0,1.0,1.0
m907.ply,1.0,1.0,1.0
m913.ply,1.0,1.0,1.0
m898.ply,1.0,1.0,1.0
m873.ply,1.0,1.0,1.0
m867.ply,1.0,1.0,1.0
m863.ply,1.0,1.0,1.0
m877.ply,1.0,1.0,1.0
m888.ply,1.0,1.0,1.0
m917.ply,1.0,1.0,1.0
m903.ply,1.0,1.0,1.0
m902.ply,1.0,1.0,1.0
m916.ply,1.0,1.0,1.0
m889.ply,1.0,1.0,1.0
m876.ply,1.0,1.0,1.0
m862.ply,1.0,1.0,1.0
m874.ply,1.0,1.0,1.0
m860.ply,1.0,1.0,1.0
m848.ply,1.0,1.0,1.0
m900.ply,1.0,1.0,1.0
m914.ply,1.0,1.0,1.0
m928.ply,1.0,1.0,1.0
m929.ply,1.0,1.0,1.0
m915.ply,1.0,1.0,1.0
m901.ply,1.0,1.0,1.0
m849.ply,1.0,1.0,1.0
m861.ply,1.0,1.0,1.0
m875.ply,1.0,1.0,1.0
m812.ply,1.0,1.0,1.0
m806.ply,1.0,1.0,1.0
m782.ply,1.0,1.0,1.0
m796.ply,1.0,1.0,1.0
m769.ply,1.0,1.0,1.0
m768.ply,1.0,1.0,1.0
m797.ply,1.0,1.0,1.0
m783.ply,1.0,1.0,1.0
m807.ply,1.0,1.0,1.0
m813.ply,1.0,1.0,1.0
m839.ply,1.0,1.0,1.0
m805.ply,1.0,1.0,1.0
m811.ply,1.0,1.0,1.0
m795.ply,1.0,1.0,1.0
m959.ply,1.0,1.0,1.0
m781.ply,1.0,1.0,1.0
m780.ply,1.0,1.0,1.0
m958.ply,1.0,1.0,1.0
m794.ply,1.0,1.0,1.0
m810.ply,1.0,1.0,1.0
m804.ply,1.0,1.0,1.0
m838.ply,1.0,1.0,1.0
m800.ply,1.0,1.0,1.0
m814.ply,1.0,1.0,1.0
m828.ply,1.0,1.0,1.0
m960.ply,1.0,1.0,1.0
m948.ply,1.0,1.0,1.0
m790.ply,1.0,1.0,1.0
m784.ply,1.0,1.0,1.0
m785.ply,1.0,1.0,1.0
m791.ply,1.0,1.0,1.0
m949.ply,1.0,1.0,1.0
m829.ply,1.0,1.0,1.0
m815.ply,1.0,1.0,1.0
m801.ply,1.0,1.0,1.0
m817.ply,1.0,1.0,1.0
m803.ply,1.0,1.0,1.0
m787.ply,1.0,1.0,1.0
m793.ply,1.0,1.0,1.0
m778.ply,1.0,1.0,1.0
m779.ply,1.0,1.0,1.0
m792.ply,1.0,1.0,1.0
m786.ply,1.0,1.0,1.0
m802.ply,1.0,1.0,1.0
m816.ply,1.0,1.0,1.0
m833.ply,1.0,1.0,1.0
m827.ply,1.0,1.0,1.0
m947.ply,1.0,1.0,1.0
m953.ply,1.0,1.0,1.0
m774.ply,1.0,1.0,1.0
m775.ply,1.0,1.0,1.0
m952.ply,1.0,1.0,1.0
m946.ply,1.0,1.0,1.0
m826.ply,1.0,1.0,1.0
m832.ply,-1.0,1.0,-1.0
m818.ply,1.0,1.0,1.0
m824.ply,1.0,1.0,1.0
m830.ply,1.0,1.0,1.0
m950.ply,1.0,1.0,1.0
m788.ply,1.0,1.0,1.0
m944.ply,1.0,1.0,1.0
m777.ply,1.0,1.0,1.0
m763.ply,1.0,1.0,1.0
m776.ply,1.0,1.0,1.0
m945.ply,1.0,1.0,1.0
m789.ply,1.0,1.0,1.0
m951.ply,1.0,1.0,1.0
m831.ply,1.0,1.0,1.0
m825.ply,1.0,1.0,1.0
m819.ply,1.0,1.0,1.0
m821.ply,1.0,1.0,1.0
m835.ply,1.0,-1.0,-1.0
m809.ply,1.0,1.0,1.0
m955.ply,1.0,1.0,1.0
m941.ply,1.0,1.0,1.0
m799.ply,1.0,1.0,1.0
m772.ply,1.0,1.0,1.0
m766.ply,1.0,1.0,1.0
m767.ply,1.0,1.0,1.0
m773.ply,1.0,1.0,1.0
m798.ply,1.0,1.0,1.0
m940.ply,1.0,1.0,1.0
m954.ply,1.0,1.0,1.0
m808.ply,1.0,1.0,1.0
m834.ply,1.0,1.0,1.0
m820.ply,1.0,1.0,1.0
m836.ply,1.0,1.0,1.0
m822.ply,1.0,1.0,1.0
m942.ply,1.0,1.0,1.0
m956.ply,1.0,1.0,1.0
m765.ply,1.0,1.0,1.0
m771.ply,1.0,1.0,1.0
m770.ply,1.0,1.0,1.0
m764.ply,1.0,1.0,1.0
m957.ply,1.0,1.0,1.0
m943.ply,1.0,1.0,1.0
m823.ply,1.0,1.0,1.0
m837.ply,1.0,1.0,1.0
m878.ply,1.0,1.0,1.0
m850.ply,1.0,1.0,1.0
m844.ply,1.0,1.0,1.0
m893.ply,1.0,1.0,1.0
m887.ply,1.0,1.0,1.0
m918.ply,1.0,1.0,1.0
m924.ply,1.0,1.0,1.0
m930.ply,1.0,1.0,1.0
m931.ply,1.0,1.0,1.0
m925.ply,1.0,1.0,1.0
m919.ply,1.0,1.0,1.0
m886.ply,1.0,1.0,1.0
m892.ply,1.0,1.0,1.0
m845.ply,-1.0,1.0,-1.0
m851.ply,1.0,1.0,1.0
m879.ply,1.0,1.0,1.0
m847.ply,1.0,1.0,1.0
m853.ply,1.0,1.0,1.0
m884.ply,1.0,1.0,1.0
m890.ply,1.0,1.0,1.0
m933.ply,1.0,1.0,1.0
m927.ply,1.0,1.0,1.0
m926.ply,1.0,1.0,1.0
m932.ply,1.0,1.0,1.0
m891.ply,1.0,1.0,1.0
m885.ply,1.0,1.0,1.0
m852.ply,1.0,1.0,1.0
m846.ply,1.0,1.0,1.0
m842.ply,1.0,-1.0,-1.0
m856.ply,1.0,1.0,1.0
m881.ply,1.0,1.0,1.0
m895.ply,1.0,1.0,1.0
m936.ply,1.0,1.0,1.0
m922.ply,1.0,1.0,1.0
m923.ply,1.0,1.0,1.0
m937.ply,1.0,1.0,1.0
m894.ply,1.0,1.0,1.0
m880.ply,1.0,1.0,1.0
m857.ply,1.0,1.0,1.0
m843.ply,-1.0,1.0,-1.0
m855.ply,1.0,1.0,1.0
m841.ply,1.0,1.0,1.0
m869.ply,1.0,1.0,1.0
m896.ply,1.0,1.0,1.0
m882.ply,1.0,1.0,1.0
m921.ply,1.0,1.0,1.0
m935.ply,1.0,1.0,1.0
m909.ply,1.0,1.0,1.0
m908.ply,1.0,1.0,1.0
m934.ply,1.0,1.0,1.0
m920.ply,1.0,1.0,1.0
m883.ply,1.0,1.0,1.0
m897.ply,1.0,1.0,1.0
m868.ply,1.0,1.0,1.0
m840.ply,1.0,1.0,1.0
m854.ply,1.0,1.0,1.0
m130.ply,1.0,1.0,1.0
m124.ply,1.0,1.0,1.0
m118.ply,1.0,1.0,1.0
m66.ply,1.0,1.0,1.0
m72.ply,1.0,1.0,1.0
m99.ply,1.0,1.0,1.0
m246.ply,1.0,1.0,1.0
m252.ply,1.0,1.0,1.0
m253.ply,1.0,1.0,1.0
m98.ply,1.0,1.0,1.0
m247.ply,-1.0,1.0,-1.0
m73.ply,1.0,1.0,1.0
m67.ply,1.0,1.0,1.0
m119.ply,1.0,1.0,1.0
m125.ply,1.0,1.0,1.0
m131.ply,1.0,1.0,1.0
m127.ply,1.0,1.0,1.0
m133.ply,1.0,-1.0,-1.0
m59.ply,1.0,1.0,1.0
m71.ply,1.0,1.0,1.0
m65.ply,1.0,1.0,1.0
m251.ply,1.0,1.0,1.0
m245.ply,1.0,1.0,1.0
m279.ply,1.0,1.0,1.0
m278.ply,1.0,1.0,1.0
m244.ply,1.0,1.0,1.0
m250.ply,1.0,1.0,1.0
m64.ply,1.0,1.0,1.0
m70.ply,1.0,1.0,1.0
m58.ply,1.0,1.0,1.0
m132.ply,1.0,1.0,1.0
m126.ply,1.0,1.0,1.0
m122.ply,1.0,1.0,1.0
m136.ply,1.0,1.0,1.0
m74.ply,1.0,1.0,1.0
m60.ply,1.0,1.0,1.0
m48.ply,1.0,1.0,1.0
m268.ply,1.0,1.0,1.0
m254.ply,1.0,1.0,1.0
m240.ply,1.0,1.0,1.0
m241.ply,1.0,1.0,1.0
m255.ply,1.0,1.0,1.0
m269.ply,1.0,1.0,1.0
m282.ply,1.0,1.0,1.0
m49.ply,1.0,1.0,1.0
m61.ply,1.0,1.0,1.0
m75.ply,1.0,1.0,1.0
m137.ply,1.0,1.0,1.0
m123.ply,1.0,1.0,1.0
m109.ply,1.0,1.0,1.0
m135.ply,1.0,1.0,1.0
m121.ply,1.0,1.0,1.0
m63.ply,1.0,1.0,1.0
m77.ply,1.0,1.0,1.0
m280.ply,1.0,1.0,1.0
m243.ply,1.0,1.0,1.0
m88.ply,1.0,1.0,1.0
m257.ply,1.0,1.0,1.0
m89.ply,1.0,1.0,1.0
m256.ply,1.0,1.0,1.0
m242.ply,1.0,1.0,1.0
m281.ply,1.0,1.0,1.0
m76.ply,1.0,1.0,1.0
m62.ply,1.0,1.0,1.0
m120.ply,1.0,1.0,1.0
m134.ply,1.0,1.0,1.0
m108.ply,1.0,1.0,1.0
m190.ply,1.0,1.0,1.0
m184.ply,1.0,1.0,1.0
m153.ply,1.0,1.0,1.0
m147.ply,1.0,1.0,1.0
m39.ply,1.0,1.0,1.0
m11.ply,1.0,1.0,1.0
m225.ply,1.0,1.0,1.0
m231.ply,1.0,1.0,1.0
m219.ply,1.0,1.0,1.0
m6.ply,1.0,1.0,1.0
m7.ply,1.0,1.0,1.0
m218.ply,1.0,1.0,1.0
m230.ply,1.0,1.0,1.0
m224.ply,1.0,1.0,1.0
m10.ply,1.0,1.0,1.0
m38.ply,1.0,1.0,1.0
m146.ply,1.0,1.0,1.0
m152.ply,1.0,1.0,1.0
m185.ply,1.0,1.0,1.0
m191.ply,1.0,1.0,1.0
m187.ply,1.0,1.0,1.0
m193.ply,1.0,1.0,1.0
m144.ply,1.0,1.0,1.0
m150.ply,1.0,1.0,1.0
m178.ply,1.0,1.0,1.0
m12.ply,1.0,1.0,1.0
m232.ply,1.0,1.0,1.0
m226.ply,1.0,1.0,1.0
m5.ply,1.0,1.0,1.0
m4.ply,1.0,1.0,1.0
m227.ply,1.0,-1.0,-1.0
m233.ply,1.0,1.0,1.0
m13.ply,1.0,1.0,1.0
m179.ply,1.0,1.0,1.0
m151.ply,1.0,1.0,1.0
m145.ply,1.0,1.0,1.0
m192.ply,1.0,1.0,1.0
m186.ply,1.0,1.0,1.0
m182.ply,1.0,1.0,1.0
m196.ply,1.0,1.0,1.0
m169.ply,1.0,1.0,1.0
m141.ply,1.0,1.0,1.0
m155.ply,1.0,1.0,1.0
m17.ply,1.0,1.0,1.0
m237.ply,1.0,1.0,1.0
m223.ply,1.0,1.0,1.0
m0.ply,1.0,1.0,1.0
m1.ply,1.0,1.0,1.0
m222.ply,1.0,1.0,1.0
m236.ply,1.0,1.0,1.0
m16.ply,1.0,1.0,1.0
m154.ply,1.0,1.0,1.0
m140.ply,1.0,1.0,1.0
m168.ply,1.0,1.0,1.0
m197.ply,1.0,1.0,1.0
m183.ply,1.0,1.0,1.0
m195.ply,1.0,1.0,1.0
m181.ply,1.0,1.0,1.0
m156.ply,1.0,1.0,1.0
m142.ply,1.0,1.0,1.0
m14.ply,1.0,1.0,1.0
m28.ply,1.0,1.0,1.0
m208.ply,1.0,1.0,1.0
m220.ply,1.0,1.0,1.0
m234.ply,1.0,1.0,1.0
m3.ply,1.0,1.0,1.0
m2.ply,1.0,1.0,1.0
m235.ply,1.0,1.0,1.0
m221.ply,1.0,1.0,1.0
m209.ply,1.0,1.0,1.0
m29.ply,1.0,1.0,1.0
m15.ply,1.0,1.0,1.0
m143.ply,1.0,1.0,1.0
m157.ply,1.0,1.0,1.0
m180.ply,1.0,1.0,1.0
m194.ply,1.0,1.0,1.0
m199.ply,1.0,1.0,1.0
m172.ply,1.0,1.0,1.0
m166.ply,1.0,1.0,1.0
m18.ply,1.0,1.0,1.0
m24.ply,1.0,1.0,1.0
m30.ply,1.0,1.0,1.0
m204.ply,1.0,1.0,1.0
m210.ply,1.0,1.0,1.0
m238.ply,1.0,1.0,1.0
m239.ply,1.0,1.0,1.0
m211.ply,1.0,1.0,1.0
m205.ply,1.0,1.0,1.0
m31.ply,1.0,1.0,1.0
m25.ply,1.0,1.0,1.0
m19.ply,1.0,1.0,1.0
m167.ply,1.0,1.0,1.0
m173.ply,1.0,1.0,1.0
m198.ply,1.0,1.0,1.0
m165.ply,1.0,1.0,1.0
m171.ply,1.0,1.0,1.0
m159.ply,1.0,1.0,1.0
m33.ply,1.0,1.0,1.0
m27.ply,1.0,1.0,1.0
m213.ply,1.0,1.0,1.0
m207.ply,1.0,1.0,1.0
m206.ply,1.0,1.0,1.0
m212.ply,1.0,1.0,1.0
m26.ply,1.0,1.0,1.0
m32.ply,1.0,1.0,1.0
m158.ply,1.0,1.0,1.0
m170.ply,1.0,1.0,1.0
m164.ply,1.0,1.0,1.0
m148.ply,1.0,1.0,1.0
m160.ply,1.0,1.0,1.0
m174.ply,1.0,1.0,1.0
m36.ply,1.0,1.0,1.0
m22.ply,1.0,1.0,1.0
m216.ply,1.0,1.0,1.0
m202.ply,1.0,1.0,1.0
m9.ply,1.0,1.0,1.0
m8.ply,1.0,1.0,1.0
m203.ply,1.0,1.0,1.0
m217.ply,1.0,1.0,1.0
m23.ply,1.0,1.0,1.0
m37.ply,1.0,1.0,1.0
m175.ply,1.0,1.0,1.0
m161.ply,1.0,1.0,1.0
m149.ply,1.0,1.0,1.0
m188.ply,1.0,1.0,1.0
m177.ply,1.0,1.0,1.0
m163.ply,1.0,1.0,1.0
m21.ply,1.0,1.0,1.0
m35.ply,1.0,1.0,1.0
m229.ply,1.0,1.0,1.0
m201.ply,1.0,1.0,1.0
m215.ply,1.0,1.0,1.0
m214.ply,1.0,1.0,1.0
m200.ply,1.0,1.0,1.0
m228.ply,1.0,1.0,1.0
m34.ply,1.0,1.0,1.0
m20.ply,1.0,1.0,1.0
m162.ply,1.0,1.0,1.0
m176.ply,1.0,1.0,1.0
m189.ply,1.0,1.0,1.0
m111.ply,1.0,1.0,1.0
m105.ply,1.0,1.0,1.0
m139.ply,1.0,1.0,1.0
m47.ply,1.0,1.0,1.0
m53.ply,1.0,1.0,1.0
m267.ply,1.0,1.0,1.0
m273.ply,1.0,1.0,1.0
m84.ply,1.0,1.0,1.0
m90.ply,1.0,1.0,1.0
m91.ply,1.0,1.0,1.0
m85.ply,1.0,1.0,1.0
m272.ply,1.0,1.0,1.0
m266.ply,1.0,1.0,1.0
m52.ply,1.0,1.0,1.0
m46.ply,-1.0,1.0,1.0
m138.ply,1.0,1.0,1.0
m104.ply,1.0,1.0,1.0
m110.ply,1.0,1.0,1.0
m106.ply,1.0,1.0,1.0
m112.ply,1.0,1.0,1.0
m78.ply,1.0,1.0,1.0
m50.ply,1.0,1.0,1.0
m44.ply,1.0,1.0,1.0
m270.ply,1.0,1.0,1.0
m264.ply,1.0,1.0,1.0
m93.ply,1.0,1.0,1.0
m258.ply,1.0,1.0,1.0
m87.ply,1.0,1.0,1.0
m259.ply,1.0,1.0,1.0
m86.ply,1.0,1.0,1.0
m92.ply,1.0,1.0,1.0
m265.ply,1.0,1.0,1.0
m271.ply,1.0,1.0,1.0
m45.ply,1.0,1.0,1.0
m51.ply,1.0,1.0,1.0
m79.ply,1.0,1.0,1.0
m107.ply,1.0,1.0,1.0
m103.ply,1.0,1.0,1.0
m55.ply,1.0,1.0,1.0
m41.ply,1.0,1.0,1.0
m69.ply,1.0,1.0,1.0
m249.ply,1.0,1.0,1.0
m96.ply,1.0,1.0,1.0
m82.ply,1.0,1.0,1.0
m275.ply,1.0,1.0,1.0
m261.ply,1.0,1.0,1.0
m260.ply,1.0,1.0,1.0
m274.ply,1.0,1.0,1.0
m83.ply,1.0,1.0,1.0
m248.ply,-1.0,1.0,-1.0
m97.ply,1.0,1.0,1.0
m68.ply,1.0,1.0,1.0
m40.ply,1.0,1.0,1.0
m54.ply,1.0,1.0,1.0
m102.ply,1.0,1.0,1.0
m128.ply,1.0,1.0,1.0
m100.ply,1.0,1.0,1.0
m42.ply,1.0,1.0,1.0
m56.ply,1.0,1.0,1.0
m81.ply,1.0,1.0,1.0
m95.ply,1.0,1.0,1.0
m262.ply,1.0,1.0,1.0
m276.ply,1.0,1.0,1.0
m277.ply,1.0,1.0,1.0
m263.ply,1.0,1.0,1.0
m94.ply,1.0,1.0,1.0
m80.ply,1.0,1.0,1.0
m57.ply,1.0,1.0,1.0
m43.ply,1.0,1.0,1.0
m101.ply,1.0,1.0,1.0
m129.ply,1.0,1.0,1.0
m695.ply,1.0,1.0,1.0
m681.ply,1.0,1.0,1.0
m656.ply,1.0,1.0,1.0
m642.ply,1.0,1.0,1.0
m497.ply,1.0,1.0,1.0
m483.ply,1.0,1.0,1.0
m1718.ply,-1.0,1.0,-1.0
m1730.ply,1.0,1.0,1.0
m1724.ply,1.0,1.0,1.0
m534.ply,1.0,1.0,1.0
m508.ply,1.0,1.0,1.0
m722.ply,1.0,1.0,1.0
m723.ply,1.0,1.0,1.0
m509.ply,1.0,1.0,1.0
m535.ply,1.0,1.0,1.0
m521.ply,1.0,1.0,1.0
m1725.ply,1.0,1.0,1.0
m1731.ply,1.0,1.0,1.0
m1719.ply,1.0,1.0,1.0
m482.ply,1.0,1.0,1.0
m496.ply,1.0,1.0,1.0
m643.ply,1.0,1.0,1.0
m657.ply,1.0,1.0,1.0
m680.ply,1.0,1.0,1.0
m694.ply,1.0,1.0,1.0
m682.ply,1.0,1.0,1.0
m696.ply,1.0,1.0,1.0
m641.ply,1.0,1.0,1.0
m655.ply,1.0,1.0,1.0
m669.ply,1.0,-1.0,-1.0
m1109.ply,1.0,1.0,1.0
m494.ply,1.0,1.0,1.0
m1727.ply,1.0,1.0,1.0
m1733.ply,1.0,1.0,1.0
m537.ply,1.0,1.0,1.0
m523.ply,1.0,1.0,1.0
m721.ply,1.0,1.0,1.0
m709.ply,1.0,1.0,1.0
m708.ply,1.0,1.0,1.0
m720.ply,1.0,1.0,1.0
m522.ply,1.0,1.0,1.0
m536.ply,1.0,1.0,1.0
m1732.ply,1.0,1.0,1.0
m1726.ply,1.0,1.0,1.0
m495.ply,1.0,1.0,1.0
m1108.ply,1.0,1.0,1.0
m668.ply,1.0,1.0,1.0
m654.ply,1.0,1.0,1.0
m640.ply,1.0,-1.0,-1.0
m697.ply,1.0,1.0,1.0
m683.ply,1.0,1.0,1.0
m687.ply,1.0,1.0,1.0
m693.ply,1.0,1.0,1.0
m678.ply,1.0,1.0,1.0
m644.ply,1.0,1.0,1.0
m650.ply,-1.0,1.0,-1.0
m485.ply,1.0,1.0,1.0
m491.ply,1.0,1.0,1.0
m1722.ply,1.0,1.0,1.0
m1736.ply,1.0,1.0,1.0
m532.ply,1.0,1.0,1.0
m526.ply,1.0,1.0,1.0
m718.ply,1.0,1.0,1.0
m730.ply,1.0,1.0,1.0
m724.ply,1.0,1.0,1.0
m725.ply,1.0,1.0,1.0
m731.ply,1.0,1.0,1.0
m719.ply,1.0,1.0,1.0
m527.ply,1.0,1.0,1.0
m533.ply,1.0,1.0,1.0
m1737.ply,1.0,1.0,1.0
m1723.ply,1.0,1.0,1.0
m490.ply,1.0,1.0,1.0
m484.ply,1.0,1.0,1.0
m651.ply,1.0,1.0,1.0
m645.ply,1.0,1.0,1.0
m679.ply,1.0,1.0,1.0
m692.ply,1.0,1.0,1.0
m686.ply,1.0,1.0,1.0
m690.ply,1.0,1.0,1.0
m684.ply,1.0,1.0,1.0
m653.ply,1.0,1.0,1.0
m647.ply,1.0,1.0,1.0
m1641.ply,1.0,1.0,1.0
m492.ply,1.0,1.0,1.0
m486.ply,1.0,1.0,1.0
m1669.ply,1.0,1.0,1.0
m1735.ply,1.0,1.0,1.0
m1721.ply,1.0,1.0,1.0
m1709.ply,1.0,1.0,1.0
m525.ply,1.0,1.0,1.0
m531.ply,1.0,1.0,1.0
m727.ply,1.0,1.0,1.0
m732.ply,1.0,1.0,1.0
m726.ply,1.0,1.0,1.0
m530.ply,1.0,1.0,1.0
m524.ply,1.0,1.0,1.0
m1708.ply,1.0,1.0,1.0
m1720.ply,1.0,1.0,1.0
m1734.ply,1.0,1.0,1.0
m487.ply,1.0,1.0,1.0
m1668.ply,1.0,1.0,1.0
m493.ply,1.0,1.0,1.0
m1640.ply,1.0,1.0,1.0
m646.ply,1.0,1.0,1.0
m652.ply,1.0,1.0,1.0
m685.ply,1.0,1.0,1.0
m691.ply,1.0,1.0,1.0
m635.ply,1.0,-1.0,-1.0
m609.ply,1.0,1.0,1.0
m1627.ply,1.0,1.0,1.0
m1633.ply,1.0,1.0,1.0
m1800.ply,1.0,1.0,1.0
m580.ply,1.0,1.0,1.0
m594.ply,1.0,1.0,1.0
m1753.ply,1.0,1.0,1.0
m1747.ply,1.0,1.0,1.0
m543.ply,1.0,1.0,1.0
m557.ply,1.0,1.0,1.0
m1790.ply,1.0,1.0,1.0
m755.ply,1.0,1.0,1.0
m1592.ply,1.0,1.0,1.0
m1593.ply,1.0,1.0,1.0
m754.ply,1.0,1.0,1.0
m1791.ply,1.0,1.0,1.0
m556.ply,1.0,1.0,1.0
m542.ply,1.0,1.0,1.0
m1746.ply,1.0,1.0,1.0
m1752.ply,1.0,1.0,1.0
m595.ply,1.0,1.0,1.0
m581.ply,1.0,1.0,1.0
m1801.ply,1.0,1.0,1.0
m1632.ply,1.0,1.0,1.0
m1626.ply,1.0,1.0,1.0
m608.ply,1.0,1.0,1.0
m634.ply,1.0,1.0,1.0
m636.ply,1.0,1.0,1.0
m1618.ply,1.0,1.0,1.0
m1630.ply,1.0,1.0,1.0
m1778.ply,1.0,1.0,1.0
m597.ply,1.0,1.0,1.0
m583.ply,1.0,1.0,1.0
m1744.ply,1.0,1.0,1.0
m1750.ply,1.0,1.0,1.0
m554.ply,1.0,1.0,1.0
m540.ply,1.0,1.0,1.0
m568.ply,1.0,1.0,1.0
m1793.ply,1.0,1.0,1.0
m756.ply,1.0,1.0,1.0
m1591.ply,1.0,1.0,1.0
m1590.ply,1.0,1.0,1.0
m757.ply,1.0,1.0,1.0
m1792.ply,1.0,1.0,1.0
m569.ply,1.0,1.0,1.0
m541.ply,1.0,1.0,1.0
m555.ply,1.0,1.0,1.0
m1751.ply,1.0,1.0,1.0
m1745.ply,1.0,1.0,1.0
m582.ply,1.0,1.0,1.0
m596.ply,1.0,1.0,1.0
m1802.ply,1.0,1.0,1.0
m1631.ply,1.0,1.0,1.0
m1619.ply,1.0,1.0,1.0
m637.ply,1.0,1.0,1.0
m627.ply,1.0,1.0,1.0
m633.ply,1.0,1.0,1.0
m1635.ply,1.0,1.0,1.0
m1609.ply,1.0,1.0,1.0
m1741.ply,1.0,1.0,1.0
m592.ply,1.0,1.0,1.0
m1769.ply,1.0,1.0,1.0
m586.ply,1.0,1.0,1.0
m1796.ply,1.0,1.0,1.0
m551.ply,1.0,1.0,1.0
m545.ply,1.0,1.0,1.0
m1594.ply,-1.0,1.0,-1.0
m753.ply,1.0,1.0,1.0
m752.ply,1.0,1.0,1.0
m1595.ply,-1.0,1.0,-1.0
m544.ply,1.0,1.0,1.0
m550.ply,1.0,1.0,1.0
m1797.ply,1.0,1.0,1.0
m1768.ply,1.0,-1.0,-1.0
m587.ply,1.0,1.0,1.0
m593.ply,1.0,1.0,1.0
m1740.ply,1.0,1.0,1.0
m1807.ply,1.0,1.0,1.0
m1608.ply,1.0,1.0,1.0
m1634.ply,1.0,1.0,1.0
m632.ply,1.0,1.0,1.0
m626.ply,1.0,1.0,1.0
m630.ply,1.0,-1.0,-1.0
m1636.ply,1.0,1.0,1.0
m1742.ply,1.0,1.0,1.0
m585.ply,1.0,1.0,1.0
m591.ply,1.0,1.0,1.0
m1795.ply,-1.0,1.0,-1.0
m546.ply,1.0,1.0,1.0
m552.ply,1.0,1.0,1.0
m1597.ply,1.0,1.0,1.0
m750.ply,1.0,1.0,1.0
m751.ply,1.0,1.0,1.0
m1596.ply,1.0,1.0,1.0
m553.ply,1.0,1.0,1.0
m547.ply,1.0,1.0,1.0
m1794.ply,1.0,1.0,1.0
m590.ply,1.0,1.0,1.0
m584.ply,1.0,1.0,1.0
m1743.ply,1.0,1.0,1.0
m1810.ply,1.0,1.0,1.0
m1637.ply,1.0,1.0,1.0
m625.ply,1.0,1.0,1.0
m631.ply,1.0,1.0,1.0
m614.ply,1.0,1.0,1.0
m600.ply,1.0,1.0,1.0
m628.ply,1.0,-1.0,-1.0
m1606.ply,1.0,1.0,1.0
m1612.ply,1.0,1.0,1.0
m1809.ply,1.0,1.0,1.0
m1772.ply,1.0,1.0,1.0
m589.ply,1.0,1.0,1.0
m1766.ply,1.0,1.0,1.0
m562.ply,1.0,1.0,1.0
m1799.ply,1.0,1.0,1.0
m760.ply,1.0,1.0,1.0
m761.ply,1.0,1.0,1.0
m1798.ply,1.0,1.0,1.0
m563.ply,1.0,1.0,1.0
m588.ply,1.0,-1.0,1.0
m1767.ply,1.0,1.0,1.0
m1773.ply,-1.0,1.0,-1.0
m1808.ply,1.0,1.0,1.0
m1613.ply,1.0,1.0,1.0
m1607.ply,1.0,1.0,1.0
m629.ply,1.0,1.0,1.0
m601.ply,1.0,1.0,1.0
m615.ply,1.0,1.0,1.0
m603.ply,1.0,1.0,1.0
m1639.ply,1.0,1.0,1.0
m1611.ply,1.0,1.0,1.0
m1605.ply,1.0,1.0,1.0
m1765.ply,1.0,1.0,1.0
m1771.ply,1.0,1.0,1.0
m561.ply,1.0,1.0,1.0
m549.ply,1.0,1.0,1.0
m1598.ply,1.0,1.0,1.0
m1599.ply,1.0,1.0,1.0
m548.ply,1.0,1.0,1.0
m560.ply,1.0,1.0,1.0
m1770.ply,1.0,1.0,1.0
m1764.ply,-1.0,-1.0,1.0
m1604.ply,1.0,1.0,1.0
m1610.ply,1.0,1.0,1.0
m1638.ply,1.0,1.0,1.0
m616.ply,1.0,1.0,1.0
m602.ply,1.0,1.0,1.0
m606.ply,1.0,1.0,1.0
m612.ply,1.0,1.0,1.0
m1614.ply,1.0,1.0,1.0
m1600.ply,1.0,1.0,1.0
m1628.ply,1.0,1.0,1.0
m1760.ply,1.0,1.0,1.0
m1774.ply,1.0,1.0,1.0
m1748.ply,1.0,1.0,1.0
m558.ply,1.0,1.0,1.0
m570.ply,1.0,1.0,1.0
m564.ply,-1.0,1.0,-1.0
m1589.ply,1.0,1.0,1.0
m565.ply,1.0,1.0,1.0
m571.ply,1.0,1.0,1.0
m559.ply,1.0,1.0,1.0
m1749.ply,1.0,1.0,1.0
m1775.ply,1.0,1.0,1.0
m1761.ply,1.0,1.0,1.0
m1629.ply,1.0,1.0,1.0
m1601.ply,1.0,1.0,1.0
m1615.ply,1.0,1.0,1.0
m613.ply,1.0,1.0,1.0
m607.ply,1.0,1.0,1.0
m639.ply,1.0,1.0,1.0
m611.ply,1.0,1.0,1.0
m605.ply,1.0,1.0,1.0
m1603.ply,1.0,1.0,1.0
m1617.ply,1.0,1.0,1.0
m598.ply,1.0,1.0,1.0
m1777.ply,1.0,1.0,1.0
m1763.ply,1.0,1.0,1.0
m567.ply,1.0,-1.0,-1.0
m759.ply,1.0,1.0,1.0
m758.ply,1.0,1.0,1.0
m572.ply,1.0,1.0,1.0
m566.ply,1.0,1.0,1.0
m1789.ply,1.0,1.0,1.0
m1762.ply,1.0,1.0,1.0
m599.ply,1.0,1.0,1.0
m1776.ply,1.0,1.0,1.0
m1616.ply,1.0,1.0,1.0
m1602.ply,1.0,1.0,1.0
m604.ply,1.0,1.0,1.0
m610.ply,1.0,1.0,1.0
m638.ply,1.0,1.0,1.0
m688.ply,1.0,1.0,1.0
m677.ply,1.0,1.0,1.0
m663.ply,1.0,1.0,1.0
m1103.ply,1.0,1.0,1.0
m1117.ply,1.0,1.0,1.0
m1739.ply,1.0,1.0,1.0
m1711.ply,1.0,1.0,1.0
m1705.ply,1.0,1.0,1.0
m501.ply,1.0,1.0,1.0
m529.ply,1.0,1.0,1.0
m703.ply,1.0,1.0,1.0
m717.ply,1.0,1.0,1.0
m716.ply,1.0,1.0,1.0
m702.ply,1.0,1.0,1.0
m528.ply,1.0,1.0,1.0
m500.ply,1.0,1.0,1.0
m1704.ply,1.0,1.0,1.0
m1710.ply,1.0,1.0,1.0
m1738.ply,1.0,1.0,1.0
m1116.ply,1.0,1.0,1.0
m1102.ply,1.0,1.0,1.0
m662.ply,1.0,1.0,1.0
m676.ply,1.0,1.0,1.0
m689.ply,1.0,1.0,1.0
m660.ply,1.0,1.0,1.0
m674.ply,1.0,1.0,1.0
m648.ply,1.0,1.0,1.0
m1114.ply,1.0,1.0,1.0
m1666.ply,1.0,1.0,1.0
m1100.ply,1.0,1.0,1.0
m489.ply,1.0,1.0,1.0
m1699.ply,1.0,1.0,1.0
m1706.ply,1.0,1.0,1.0
m1712.ply,1.0,1.0,1.0
m502.ply,1.0,1.0,1.0
m714.ply,1.0,1.0,1.0
m700.ply,1.0,1.0,1.0
m728.ply,1.0,1.0,1.0
m729.ply,1.0,1.0,1.0
m701.ply,1.0,1.0,1.0
m715.ply,1.0,1.0,1.0
m503.ply,1.0,1.0,1.0
m1713.ply,1.0,1.0,1.0
m1707.ply,1.0,1.0,1.0
m1698.ply,1.0,1.0,1.0
m1667.ply,1.0,1.0,1.0
m488.ply,1.0,1.0,1.0
m1101.ply,1.0,1.0,1.0
m1115.ply,1.0,1.0,1.0
m649.ply,-1.0,1.0,-1.0
m675.ply,1.0,1.0,1.0
m661.ply,1.0,1.0,1.0
m659.ply,1.0,1.0,1.0
m665.ply,1.0,1.0,1.0
m671.ply,1.0,1.0,1.0
m1111.ply,1.0,1.0,1.0
m498.ply,1.0,1.0,1.0
m1105.ply,1.0,1.0,1.0
m1703.ply,1.0,1.0,1.0
m1717.ply,1.0,1.0,1.0
m513.ply,-1.0,1.0,-1.0
m507.ply,1.0,1.0,1.0
m711.ply,1.0,1.0,1.0
m705.ply,1.0,1.0,1.0
m704.ply,1.0,1.0,1.0
m710.ply,1.0,1.0,1.0
m506.ply,1.0,1.0,1.0
m512.ply,1.0,1.0,1.0
m1716.ply,1.0,1.0,1.0
m1702.ply,-1.0,1.0,-1.0
m1104.ply,1.0,1.0,1.0
m499.ply,1.0,1.0,1.0
m1110.ply,1.0,1.0,1.0
m670.ply,1.0,1.0,1.0
m664.ply,1.0,1.0,1.0
m658.ply,1.0,1.0,1.0
m699.ply,1.0,1.0,1.0
m672.ply,1.0,1.0,1.0
m666.ply,1.0,1.0,1.0
m1106.ply,1.0,1.0,1.0
m1112.ply,1.0,1.0,1.0
m1714.ply,1.0,1.0,1.0
m1700.ply,1.0,1.0,1.0
m1728.ply,1.0,1.0,1.0
m538.ply,1.0,1.0,1.0
m504.ply,1.0,1.0,1.0
m1099.ply,1.0,1.0,1.0
m510.ply,1.0,1.0,1.0
m706.ply,-1.0,1.0,-1.0
m712.ply,1.0,1.0,1.0
m713.ply,1.0,1.0,1.0
m707.ply,1.0,1.0,1.0
m511.ply,1.0,1.0,1.0
m505.ply,-1.0,1.0,-1.0
m539.ply,1.0,1.0,1.0
m1729.ply,1.0,1.0,1.0
m1701.ply,1.0,1.0,1.0
m1715.ply,-1.0,-1.0,-1.0
m1113.ply,1.0,1.0,1.0
m1107.ply,1.0,-1.0,-1.0
m667.ply,1.0,1.0,1.0
m673.ply,1.0,1.0,1.0
m698.ply,1.0,-1.0,-1.0
m454.ply,1.0,1.0,1.0
m440.ply,1.0,1.0,1.0
m468.ply,1.0,1.0,1.0
m469.ply,1.0,-1.0,-1.0
m441.ply,-1.0,1.0,-1.0
m455.ply,1.0,1.0,1.0
m480.ply,1.0,1.0,1.0
m443.ply,1.0,1.0,1.0
m457.ply,1.0,1.0,1.0
m456.ply,1.0,1.0,1.0
m442.ply,-1.0,1.0,-1.0
m481.ply,1.0,1.0,1.0
m446.ply,1.0,-1.0,-1.0
m452.ply,1.0,1.0,1.0
m453.ply,1.0,1.0,1.0
m447.ply,1.0,1.0,1.0
m479.ply,1.0,1.0,1.0
m451.ply,1.0,1.0,1.0
m445.ply,-1.0,1.0,-1.0
m444.ply,-1.0,1.0,-1.0
m450.ply,1.0,1.0,1.0
m478.ply,1.0,1.0,1.0
m392.ply,1.0,1.0,1.0
m386.ply,1.0,1.0,1.0
m437.ply,1.0,-1.0,-1.0
m423.ply,1.0,1.0,1.0
m422.ply,1.0,1.0,1.0
m436.ply,1.0,1.0,1.0
m387.ply,1.0,1.0,1.0
m393.ply,1.0,1.0,1.0
m385.ply,1.0,1.0,1.0
m391.ply,1.0,1.0,1.0
m420.ply,1.0,1.0,1.0
m434.ply,1.0,1.0,1.0
m408.ply,1.0,1.0,1.0
m409.ply,1.0,-1.0,-1.0
m435.ply,1.0,1.0,1.0
m421.ply,-1.0,1.0,-1.0
m390.ply,1.0,1.0,1.0
m384.ply,1.0,1.0,1.0
m394.ply,1.0,1.0,1.0
m419.ply,1.0,1.0,1.0
m425.ply,-1.0,1.0,-1.0
m431.ply,1.0,1.0,1.0
m430.ply,1.0,1.0,1.0
m424.ply,1.0,1.0,1.0
m418.ply,1.0,1.0,1.0
m395.ply,1.0,1.0,1.0
m397.ply,1.0,1.0,1.0
m383.ply,1.0,1.0,1.0
m432.ply,1.0,1.0,1.0
m426.ply,-1.0,1.0,1.0
m427.ply,1.0,-1.0,-1.0
m433.ply,1.0,1.0,1.0
m382.ply,1.0,1.0,1.0
m396.ply,1.0,1.0,1.0
m416.ply,1.0,1.0,1.0
m402.ply,1.0,1.0,1.0
m403.ply,1.0,1.0,1.0
m417.ply,1.0,1.0,1.0
m398.ply,1.0,1.0,1.0
m401.ply,1.0,1.0,1.0
m415.ply,1.0,1.0,1.0
m429.ply,1.0,1.0,1.0
m428.ply,-1.0,1.0,-1.0
m414.ply,1.0,1.0,1.0
m400.ply,1.0,1.0,1.0
m399.ply,-1.0,-1.0,1.0
m389.ply,1.0,-1.0,-1.0
m438.ply,1.0,1.0,1.0
m404.ply,1.0,1.0,1.0
m410.ply,1.0,1.0,1.0
m411.ply,1.0,1.0,1.0
m405.ply,1.0,1.0,1.0
m439.ply,1.0,1.0,1.0
m388.ply,1.0,1.0,1.0
m413.ply,1.0,1.0,1.0
m407.ply,1.0,1.0,1.0
m406.ply,1.0,1.0,1.0
m412.ply,1.0,1.0,1.0
m475.ply,1.0,1.0,1.0
m461.ply,1.0,1.0,1.0
m449.ply,1.0,1.0,1.0
m448.ply,1.0,1.0,1.0
m460.ply,-1.0,1.0,-1.0
m474.ply,1.0,1.0,1.0
m462.ply,1.0,1.0,1.0
m476.ply,1.0,1.0,1.0
m477.ply,1.0,1.0,1.0
m463.ply,1.0,1.0,1.0
m467.ply,1.0,1.0,1.0
m473.ply,1.0,1.0,1.0
m472.ply,1.0,1.0,1.0
m466.ply,1.0,1.0,1.0
m458.ply,1.0,1.0,1.0
m470.ply,-1.0,1.0,-1.0
m464.ply,1.0,-1.0,-1.0
m465.ply,1.0,1.0,1.0
m471.ply,1.0,1.0,1.0
m459.ply,1.0,1.0,1.0
